{
  "cpu": {
    "total_cores": 8,
    "usage_per_core": [44.0, 38.4, 32.0, 29.3, 8.1, 5.9, 5.0, 3.0],
    "total_usage": 21.3,
    "frequency_mhz": 3504
  },
  "memory": {
    "total": 8589934592,
    "available": 1393934336,
    "used": 3162537984,
    "percent": 83.8
  },
  "swap": {
    "total": 7516192768,
    "used": 7004160000,
    "available": 512032768,
    "percent": 93.2
  },
  "disk_io": {
    "read_bytes": 955388607488,
    "write_bytes": 309070618624,
    "read_count": 32431245,
    "write_count": 8373423
  },
  "network_io": {
    "bytes_sent": 4639747072,
    "bytes_received": 5865062400,
    "packets_sent": 9300437,
    "packets_received": 10344527
  },
  "system_load": {
    "1_min": 4.16943359375,
    "5_min": 3.93798828125,
    "15_min": 3.91064453125
  },
  "disk_space": {
    "/dev/disk3s1s1": {
      "total": 245107195904,
      "used": 10737913856,
      "free": 48875868160,
      "percent": 18.0
    },
    "/dev/disk3s6": {
      "total": 245107195904,
      "used": 7516659712,
      "free": 48875868160,
      "percent": 13.3
    },
    "/dev/disk3s2": {
      "total": 245107195904,
      "used": 6573125632,
      "free": 48875868160,
      "percent": 11.9
    },
    "/dev/disk3s4": {
      "total": 245107195904,
      "used": 2506752,
      "free": 48875868160,
      "percent": 0.0
    },
    "/dev/disk1s2": {
      "total": 524288000,
      "used": 6311936,
      "free": 506257408,
      "percent": 1.2
    },
    "/dev/disk1s1": {
      "total": 524288000,
      "used": 5820416,
      "free": 506257408,
      "percent": 1.1
    },
    "/dev/disk1s3": {
      "total": 524288000,
      "used": 921600,
      "free": 506257408,
      "percent": 0.2
    },
    "/dev/disk3s5": {
      "total": 245107195904,
      "used": 170289233920,
      "free": 48875868160,
      "percent": 77.7
    },
    "/dev/disk5s1": {
      "total": 17412653056,
      "used": 16878137344,
      "free": 489295872,
      "percent": 97.2
    }
  }
}
